{"nodes":[{"url":"http://localhost:2370/"},{"url":"http://localhost:2370/tag/getting-started/"},{"url":"http://localhost:2370/author/ghost/"},{"url":"https://ghost.org/docs/"},{"url":"http://localhost:2370/gui/"},{"url":"http://localhost:2370/#subscribe"},{"url":"http://localhost:2370/post-sin-contennido/"},{"url":"http://localhost:2370/author/harold/"},{"url":"http://localhost:2370/mi-nuevo-post/"},{"url":"http://localhost:2370/welcome/"},{"url":"http://localhost:2370/the-editor/"},{"url":"http://localhost:2370/publishing-options/"},{"url":"http://localhost:2370/admin-settings/"},{"url":"http://localhost:2370/organising-content/"},{"url":"http://localhost:2370/apps-integrations/"},{"url":"http://localhost:2370/themes/"},{"url":"https://www.facebook.com/ghost"},{"url":"https://twitter.com/tryghost"},{"url":"https://ghost.org/"},{"url":"http://localhost:2370/#"}],"links":[{"source":"http://localhost:2370/","target":"http://localhost:2370/"},{"source":"http://localhost:2370/","target":"http://localhost:2370/tag/getting-started/"},{"source":"http://localhost:2370/","target":"http://localhost:2370/author/ghost/"},{"source":"http://localhost:2370/","target":"https://ghost.org/docs/"},{"source":"http://localhost:2370/","target":"http://localhost:2370/gui/"},{"source":"http://localhost:2370/","target":"http://localhost:2370/#subscribe"},{"source":"http://localhost:2370/","target":"http://localhost:2370/post-sin-contennido/"},{"source":"http://localhost:2370/","target":"http://localhost:2370/author/harold/"},{"source":"http://localhost:2370/","target":"http://localhost:2370/mi-nuevo-post/"},{"source":"http://localhost:2370/","target":"http://localhost:2370/welcome/"},{"source":"http://localhost:2370/","target":"http://localhost:2370/the-editor/"},{"source":"http://localhost:2370/","target":"http://localhost:2370/publishing-options/"},{"source":"http://localhost:2370/","target":"http://localhost:2370/admin-settings/"},{"source":"http://localhost:2370/","target":"http://localhost:2370/organising-content/"},{"source":"http://localhost:2370/","target":"http://localhost:2370/apps-integrations/"},{"source":"http://localhost:2370/","target":"http://localhost:2370/themes/"},{"source":"http://localhost:2370/","target":"https://www.facebook.com/ghost"},{"source":"http://localhost:2370/","target":"https://twitter.com/tryghost"},{"source":"http://localhost:2370/","target":"https://ghost.org/"},{"source":"http://localhost:2370/","target":"http://localhost:2370/#"},{"source":"http://localhost:2370/tag/getting-started/","target":"http://localhost:2370/"},{"source":"http://localhost:2370/tag/getting-started/","target":"http://localhost:2370/tag/getting-started/"},{"source":"http://localhost:2370/tag/getting-started/","target":"http://localhost:2370/author/ghost/"},{"source":"http://localhost:2370/tag/getting-started/","target":"https://ghost.org/docs/"},{"source":"http://localhost:2370/tag/getting-started/","target":"http://localhost:2370/gui/"},{"source":"http://localhost:2370/tag/getting-started/","target":"http://localhost:2370/welcome/"},{"source":"http://localhost:2370/tag/getting-started/","target":"http://localhost:2370/the-editor/"},{"source":"http://localhost:2370/tag/getting-started/","target":"http://localhost:2370/publishing-options/"},{"source":"http://localhost:2370/tag/getting-started/","target":"http://localhost:2370/admin-settings/"},{"source":"http://localhost:2370/tag/getting-started/","target":"http://localhost:2370/organising-content/"},{"source":"http://localhost:2370/tag/getting-started/","target":"http://localhost:2370/apps-integrations/"},{"source":"http://localhost:2370/tag/getting-started/","target":"http://localhost:2370/themes/"},{"source":"http://localhost:2370/tag/getting-started/","target":"https://www.facebook.com/ghost"},{"source":"http://localhost:2370/tag/getting-started/","target":"https://twitter.com/tryghost"},{"source":"http://localhost:2370/tag/getting-started/","target":"https://ghost.org/"},{"source":"http://localhost:2370/author/ghost/","target":"http://localhost:2370/"},{"source":"http://localhost:2370/author/ghost/","target":"http://localhost:2370/tag/getting-started/"},{"source":"http://localhost:2370/author/ghost/","target":"http://localhost:2370/author/ghost/"},{"source":"http://localhost:2370/author/ghost/","target":"https://ghost.org/docs/"},{"source":"http://localhost:2370/author/ghost/","target":"http://localhost:2370/gui/"},{"source":"http://localhost:2370/author/ghost/","target":"https://ghost.org/"},{"source":"http://localhost:2370/author/ghost/","target":"https://www.facebook.com/ghost"},{"source":"http://localhost:2370/author/ghost/","target":"http://localhost:2370/welcome/"},{"source":"http://localhost:2370/author/ghost/","target":"http://localhost:2370/the-editor/"},{"source":"http://localhost:2370/author/ghost/","target":"http://localhost:2370/publishing-options/"},{"source":"http://localhost:2370/author/ghost/","target":"http://localhost:2370/admin-settings/"},{"source":"http://localhost:2370/author/ghost/","target":"http://localhost:2370/organising-content/"},{"source":"http://localhost:2370/author/ghost/","target":"http://localhost:2370/apps-integrations/"},{"source":"http://localhost:2370/author/ghost/","target":"http://localhost:2370/themes/"},{"source":"http://localhost:2370/author/ghost/","target":"https://twitter.com/tryghost"},{"source":"https://ghost.org/docs/","target":"https://ghost.org/"},{"source":"https://ghost.org/docs/","target":"https://ghost.org/docs/"},{"source":"http://localhost:2370/gui/","target":"http://localhost:2370/"},{"source":"http://localhost:2370/gui/","target":"http://localhost:2370/tag/getting-started/"},{"source":"http://localhost:2370/gui/","target":"http://localhost:2370/author/ghost/"},{"source":"http://localhost:2370/gui/","target":"https://ghost.org/docs/"},{"source":"http://localhost:2370/gui/","target":"http://localhost:2370/gui/"},{"source":"http://localhost:2370/gui/","target":"https://www.facebook.com/ghost"},{"source":"http://localhost:2370/gui/","target":"https://twitter.com/tryghost"},{"source":"http://localhost:2370/gui/","target":"https://ghost.org/"},{"source":"http://localhost:2370/#subscribe","target":"http://localhost:2370/"},{"source":"http://localhost:2370/#subscribe","target":"http://localhost:2370/tag/getting-started/"},{"source":"http://localhost:2370/#subscribe","target":"http://localhost:2370/author/ghost/"},{"source":"http://localhost:2370/#subscribe","target":"https://ghost.org/docs/"},{"source":"http://localhost:2370/#subscribe","target":"http://localhost:2370/gui/"},{"source":"http://localhost:2370/#subscribe","target":"http://localhost:2370/#subscribe"},{"source":"http://localhost:2370/#subscribe","target":"http://localhost:2370/post-sin-contennido/"},{"source":"http://localhost:2370/#subscribe","target":"http://localhost:2370/author/harold/"},{"source":"http://localhost:2370/#subscribe","target":"http://localhost:2370/mi-nuevo-post/"},{"source":"http://localhost:2370/#subscribe","target":"http://localhost:2370/welcome/"},{"source":"http://localhost:2370/#subscribe","target":"http://localhost:2370/the-editor/"},{"source":"http://localhost:2370/#subscribe","target":"http://localhost:2370/publishing-options/"},{"source":"http://localhost:2370/#subscribe","target":"http://localhost:2370/admin-settings/"},{"source":"http://localhost:2370/#subscribe","target":"http://localhost:2370/organising-content/"},{"source":"http://localhost:2370/#subscribe","target":"http://localhost:2370/apps-integrations/"},{"source":"http://localhost:2370/#subscribe","target":"http://localhost:2370/themes/"},{"source":"http://localhost:2370/#subscribe","target":"https://www.facebook.com/ghost"},{"source":"http://localhost:2370/#subscribe","target":"https://twitter.com/tryghost"},{"source":"http://localhost:2370/#subscribe","target":"https://ghost.org/"},{"source":"http://localhost:2370/#subscribe","target":"http://localhost:2370/#"},{"source":"http://localhost:2370/post-sin-contennido/","target":"http://localhost:2370/"},{"source":"http://localhost:2370/post-sin-contennido/","target":"http://localhost:2370/tag/getting-started/"},{"source":"http://localhost:2370/post-sin-contennido/","target":"http://localhost:2370/author/ghost/"},{"source":"http://localhost:2370/post-sin-contennido/","target":"https://ghost.org/docs/"},{"source":"http://localhost:2370/post-sin-contennido/","target":"http://localhost:2370/gui/"},{"source":"http://localhost:2370/post-sin-contennido/","target":"http://localhost:2370/author/harold/"},{"source":"http://localhost:2370/post-sin-contennido/","target":"http://localhost:2370/mi-nuevo-post/"},{"source":"http://localhost:2370/post-sin-contennido/","target":"https://www.facebook.com/ghost"},{"source":"http://localhost:2370/post-sin-contennido/","target":"https://twitter.com/tryghost"},{"source":"http://localhost:2370/post-sin-contennido/","target":"https://ghost.org/"},{"source":"http://localhost:2370/author/harold/","target":"http://localhost:2370/"},{"source":"http://localhost:2370/author/harold/","target":"http://localhost:2370/tag/getting-started/"},{"source":"http://localhost:2370/author/harold/","target":"http://localhost:2370/author/ghost/"},{"source":"http://localhost:2370/author/harold/","target":"https://ghost.org/docs/"},{"source":"http://localhost:2370/author/harold/","target":"http://localhost:2370/gui/"},{"source":"http://localhost:2370/author/harold/","target":"http://localhost:2370/post-sin-contennido/"},{"source":"http://localhost:2370/author/harold/","target":"http://localhost:2370/author/harold/"},{"source":"http://localhost:2370/author/harold/","target":"http://localhost:2370/mi-nuevo-post/"},{"source":"http://localhost:2370/author/harold/","target":"https://www.facebook.com/ghost"},{"source":"http://localhost:2370/author/harold/","target":"https://twitter.com/tryghost"},{"source":"http://localhost:2370/author/harold/","target":"https://ghost.org/"},{"source":"http://localhost:2370/mi-nuevo-post/","target":"http://localhost:2370/"},{"source":"http://localhost:2370/mi-nuevo-post/","target":"http://localhost:2370/tag/getting-started/"},{"source":"http://localhost:2370/mi-nuevo-post/","target":"http://localhost:2370/author/ghost/"},{"source":"http://localhost:2370/mi-nuevo-post/","target":"https://ghost.org/docs/"},{"source":"http://localhost:2370/mi-nuevo-post/","target":"http://localhost:2370/gui/"},{"source":"http://localhost:2370/mi-nuevo-post/","target":"http://localhost:2370/author/harold/"},{"source":"http://localhost:2370/mi-nuevo-post/","target":"http://localhost:2370/post-sin-contennido/"},{"source":"http://localhost:2370/mi-nuevo-post/","target":"http://localhost:2370/welcome/"},{"source":"http://localhost:2370/mi-nuevo-post/","target":"https://www.facebook.com/ghost"},{"source":"http://localhost:2370/mi-nuevo-post/","target":"https://twitter.com/tryghost"},{"source":"http://localhost:2370/mi-nuevo-post/","target":"https://ghost.org/"},{"source":"http://localhost:2370/welcome/","target":"http://localhost:2370/"},{"source":"http://localhost:2370/welcome/","target":"http://localhost:2370/tag/getting-started/"},{"source":"http://localhost:2370/welcome/","target":"http://localhost:2370/author/ghost/"},{"source":"http://localhost:2370/welcome/","target":"https://ghost.org/docs/"},{"source":"http://localhost:2370/welcome/","target":"http://localhost:2370/gui/"},{"source":"http://localhost:2370/welcome/","target":"http://localhost:2370/the-editor/"},{"source":"http://localhost:2370/welcome/","target":"http://localhost:2370/publishing-options/"},{"source":"http://localhost:2370/welcome/","target":"http://localhost:2370/admin-settings/"},{"source":"http://localhost:2370/welcome/","target":"http://localhost:2370/mi-nuevo-post/"},{"source":"http://localhost:2370/welcome/","target":"http://localhost:2370/author/harold/"},{"source":"http://localhost:2370/welcome/","target":"https://www.facebook.com/ghost"},{"source":"http://localhost:2370/welcome/","target":"https://twitter.com/tryghost"},{"source":"http://localhost:2370/welcome/","target":"https://ghost.org/"},{"source":"http://localhost:2370/the-editor/","target":"http://localhost:2370/"},{"source":"http://localhost:2370/the-editor/","target":"http://localhost:2370/tag/getting-started/"},{"source":"http://localhost:2370/the-editor/","target":"http://localhost:2370/author/ghost/"},{"source":"http://localhost:2370/the-editor/","target":"https://ghost.org/docs/"},{"source":"http://localhost:2370/the-editor/","target":"http://localhost:2370/gui/"},{"source":"http://localhost:2370/the-editor/","target":"https://ghost.org/"},{"source":"http://localhost:2370/the-editor/","target":"http://localhost:2370/publishing-options/"},{"source":"http://localhost:2370/the-editor/","target":"http://localhost:2370/welcome/"},{"source":"http://localhost:2370/the-editor/","target":"http://localhost:2370/admin-settings/"},{"source":"http://localhost:2370/the-editor/","target":"https://www.facebook.com/ghost"},{"source":"http://localhost:2370/the-editor/","target":"https://twitter.com/tryghost"},{"source":"http://localhost:2370/publishing-options/","target":"http://localhost:2370/"},{"source":"http://localhost:2370/publishing-options/","target":"http://localhost:2370/tag/getting-started/"},{"source":"http://localhost:2370/publishing-options/","target":"http://localhost:2370/author/ghost/"},{"source":"http://localhost:2370/publishing-options/","target":"https://ghost.org/docs/"},{"source":"http://localhost:2370/publishing-options/","target":"http://localhost:2370/gui/"},{"source":"http://localhost:2370/publishing-options/","target":"http://localhost:2370/admin-settings/"},{"source":"http://localhost:2370/publishing-options/","target":"http://localhost:2370/welcome/"},{"source":"http://localhost:2370/publishing-options/","target":"http://localhost:2370/the-editor/"},{"source":"http://localhost:2370/publishing-options/","target":"https://www.facebook.com/ghost"},{"source":"http://localhost:2370/publishing-options/","target":"https://twitter.com/tryghost"},{"source":"http://localhost:2370/publishing-options/","target":"https://ghost.org/"},{"source":"http://localhost:2370/admin-settings/","target":"http://localhost:2370/"},{"source":"http://localhost:2370/admin-settings/","target":"http://localhost:2370/tag/getting-started/"},{"source":"http://localhost:2370/admin-settings/","target":"http://localhost:2370/author/ghost/"},{"source":"http://localhost:2370/admin-settings/","target":"https://ghost.org/docs/"},{"source":"http://localhost:2370/admin-settings/","target":"http://localhost:2370/gui/"},{"source":"http://localhost:2370/admin-settings/","target":"http://localhost:2370/organising-content/"},{"source":"http://localhost:2370/admin-settings/","target":"http://localhost:2370/welcome/"},{"source":"http://localhost:2370/admin-settings/","target":"http://localhost:2370/the-editor/"},{"source":"http://localhost:2370/admin-settings/","target":"http://localhost:2370/publishing-options/"},{"source":"http://localhost:2370/admin-settings/","target":"https://www.facebook.com/ghost"},{"source":"http://localhost:2370/admin-settings/","target":"https://twitter.com/tryghost"},{"source":"http://localhost:2370/admin-settings/","target":"https://ghost.org/"},{"source":"http://localhost:2370/organising-content/","target":"http://localhost:2370/"},{"source":"http://localhost:2370/organising-content/","target":"http://localhost:2370/tag/getting-started/"},{"source":"http://localhost:2370/organising-content/","target":"http://localhost:2370/author/ghost/"},{"source":"http://localhost:2370/organising-content/","target":"https://ghost.org/docs/"},{"source":"http://localhost:2370/organising-content/","target":"http://localhost:2370/gui/"},{"source":"http://localhost:2370/organising-content/","target":"http://localhost:2370/apps-integrations/"},{"source":"http://localhost:2370/organising-content/","target":"http://localhost:2370/welcome/"},{"source":"http://localhost:2370/organising-content/","target":"http://localhost:2370/the-editor/"},{"source":"http://localhost:2370/organising-content/","target":"http://localhost:2370/publishing-options/"},{"source":"http://localhost:2370/organising-content/","target":"http://localhost:2370/admin-settings/"},{"source":"http://localhost:2370/organising-content/","target":"https://www.facebook.com/ghost"},{"source":"http://localhost:2370/organising-content/","target":"https://twitter.com/tryghost"},{"source":"http://localhost:2370/organising-content/","target":"https://ghost.org/"},{"source":"http://localhost:2370/apps-integrations/","target":"http://localhost:2370/"},{"source":"http://localhost:2370/apps-integrations/","target":"http://localhost:2370/tag/getting-started/"},{"source":"http://localhost:2370/apps-integrations/","target":"http://localhost:2370/author/ghost/"},{"source":"http://localhost:2370/apps-integrations/","target":"https://ghost.org/docs/"},{"source":"http://localhost:2370/apps-integrations/","target":"http://localhost:2370/gui/"},{"source":"http://localhost:2370/apps-integrations/","target":"http://localhost:2370/themes/"},{"source":"http://localhost:2370/apps-integrations/","target":"http://localhost:2370/welcome/"},{"source":"http://localhost:2370/apps-integrations/","target":"http://localhost:2370/the-editor/"},{"source":"http://localhost:2370/apps-integrations/","target":"http://localhost:2370/publishing-options/"},{"source":"http://localhost:2370/apps-integrations/","target":"http://localhost:2370/organising-content/"},{"source":"http://localhost:2370/apps-integrations/","target":"https://www.facebook.com/ghost"},{"source":"http://localhost:2370/apps-integrations/","target":"https://twitter.com/tryghost"},{"source":"http://localhost:2370/apps-integrations/","target":"https://ghost.org/"},{"source":"http://localhost:2370/themes/","target":"http://localhost:2370/"},{"source":"http://localhost:2370/themes/","target":"http://localhost:2370/tag/getting-started/"},{"source":"http://localhost:2370/themes/","target":"http://localhost:2370/author/ghost/"},{"source":"http://localhost:2370/themes/","target":"https://ghost.org/docs/"},{"source":"http://localhost:2370/themes/","target":"http://localhost:2370/gui/"},{"source":"http://localhost:2370/themes/","target":"http://localhost:2370/welcome/"},{"source":"http://localhost:2370/themes/","target":"http://localhost:2370/the-editor/"},{"source":"http://localhost:2370/themes/","target":"http://localhost:2370/publishing-options/"},{"source":"http://localhost:2370/themes/","target":"http://localhost:2370/apps-integrations/"},{"source":"http://localhost:2370/themes/","target":"https://www.facebook.com/ghost"},{"source":"http://localhost:2370/themes/","target":"https://twitter.com/tryghost"},{"source":"http://localhost:2370/themes/","target":"https://ghost.org/"},{"source":"https://ghost.org/","target":"https://ghost.org/"},{"source":"https://ghost.org/","target":"https://ghost.org/docs/"},{"source":"http://localhost:2370/#","target":"http://localhost:2370/"},{"source":"http://localhost:2370/#","target":"http://localhost:2370/tag/getting-started/"},{"source":"http://localhost:2370/#","target":"http://localhost:2370/author/ghost/"},{"source":"http://localhost:2370/#","target":"https://ghost.org/docs/"},{"source":"http://localhost:2370/#","target":"http://localhost:2370/gui/"},{"source":"http://localhost:2370/#","target":"http://localhost:2370/#subscribe"},{"source":"http://localhost:2370/#","target":"http://localhost:2370/post-sin-contennido/"},{"source":"http://localhost:2370/#","target":"http://localhost:2370/author/harold/"},{"source":"http://localhost:2370/#","target":"http://localhost:2370/mi-nuevo-post/"},{"source":"http://localhost:2370/#","target":"http://localhost:2370/welcome/"},{"source":"http://localhost:2370/#","target":"http://localhost:2370/the-editor/"},{"source":"http://localhost:2370/#","target":"http://localhost:2370/publishing-options/"},{"source":"http://localhost:2370/#","target":"http://localhost:2370/admin-settings/"},{"source":"http://localhost:2370/#","target":"http://localhost:2370/organising-content/"},{"source":"http://localhost:2370/#","target":"http://localhost:2370/apps-integrations/"},{"source":"http://localhost:2370/#","target":"http://localhost:2370/themes/"},{"source":"http://localhost:2370/#","target":"https://www.facebook.com/ghost"},{"source":"http://localhost:2370/#","target":"https://twitter.com/tryghost"},{"source":"http://localhost:2370/#","target":"https://ghost.org/"},{"source":"http://localhost:2370/#","target":"http://localhost:2370/#"}]}