{"nodes":[{"state":0,"url":"http://localhost:2370/","errors":[]},{"state":1,"url":"http://localhost:2370/tag/getting-started/","errors":[]},{"state":2,"url":"http://localhost:2370/author/ghost/","errors":[]},{"state":3,"url":"https://ghost.org/docs/","errors":["{\n  \"_type\": \"info\",\n  \"_text\": \"An <img> element was lazyloaded with loading=lazy, but had no dimensions specified. Specifying dimensions improves performance. See https://crbug.com/954323\",\n  \"_args\": [],\n  \"_location\": {\n    \"url\": \"https://ghost.org/docs/\"\n  }\n}","{\n  \"_type\": \"error\",\n  \"_text\": \"Failed to load resource: net::ERR_CONNECTION_RESET\",\n  \"_args\": [],\n  \"_location\": {\n    \"url\": \"https://cdn.firstpromoter.com/fprom.js\"\n  }\n}"]},{"state":4,"url":"http://localhost:2370/gui/","errors":[]},{"state":5,"url":"http://localhost:2370/post-sin-contennido/","errors":[]},{"state":6,"url":"http://localhost:2370/author/harold/","errors":[]},{"state":7,"url":"http://localhost:2370/mi-nuevo-post/","errors":[]},{"state":8,"url":"http://localhost:2370/welcome/","errors":[]},{"state":9,"url":"http://localhost:2370/the-editor/","errors":[]},{"state":10,"url":"http://localhost:2370/publishing-options/","errors":[]},{"state":11,"url":"http://localhost:2370/admin-settings/","errors":[]},{"state":12,"url":"http://localhost:2370/organising-content/","errors":[]},{"state":13,"url":"http://localhost:2370/apps-integrations/","errors":["{\n  \"_type\": \"error\",\n  \"_text\": \"Failed to load resource: net::ERR_CONNECTION_RESET\",\n  \"_args\": [],\n  \"_location\": {\n    \"url\": \"https://zapier.com/apps/embed/widget.js?services=Ghost&container=true&limit=8\"\n  }\n}"]},{"state":14,"url":"http://localhost:2370/themes/","errors":[]},{"state":15,"url":"https://www.facebook.com/ghost","errors":[]},{"state":16,"url":"https://twitter.com/tryghost","errors":["{\n  \"_type\": \"error\",\n  \"_text\": \"Failed to load resource: the server responded with a status of 400 ()\",\n  \"_args\": [],\n  \"_location\": {\n    \"url\": \"https://twitter.com/tryghost\"\n  }\n}"]},{"state":17,"url":"https://ghost.org/","errors":["{\n  \"_type\": \"error\",\n  \"_text\": \"Failed to load resource: net::ERR_CONNECTION_RESET\",\n  \"_args\": [],\n  \"_location\": {\n    \"url\": \"https://cdn.firstpromoter.com/fprom.js\"\n  }\n}"]}],"links":[{"source":0,"target":0,"interaction":"link-click"},{"source":0,"target":1,"interaction":"link-click"},{"source":0,"target":2,"interaction":"link-click"},{"source":0,"target":3,"interaction":"link-click"},{"source":0,"target":4,"interaction":"link-click"},{"source":0,"target":0,"interaction":"link-click"},{"source":0,"target":5,"interaction":"link-click"},{"source":0,"target":6,"interaction":"link-click"},{"source":0,"target":7,"interaction":"link-click"},{"source":0,"target":8,"interaction":"link-click"},{"source":0,"target":9,"interaction":"link-click"},{"source":0,"target":10,"interaction":"link-click"},{"source":0,"target":11,"interaction":"link-click"},{"source":0,"target":12,"interaction":"link-click"},{"source":0,"target":13,"interaction":"link-click"},{"source":0,"target":14,"interaction":"link-click"},{"source":0,"target":15,"interaction":"link-click"},{"source":0,"target":16,"interaction":"link-click"},{"source":0,"target":17,"interaction":"link-click"},{"source":0,"target":0,"interaction":"link-click"}]}