{"nodes":[{"state":0,"url":"http://localhost:2370/"},{"state":1,"url":"http://localhost:2370/tag/getting-started/"},{"state":2,"url":"http://localhost:2370/author/ghost/"},{"state":3,"url":"https://ghost.org/docs/"},{"state":4,"url":"http://localhost:2370/gui/"},{"state":5,"url":"http://localhost:2370/post-sin-contennido/"},{"state":6,"url":"http://localhost:2370/author/harold/"},{"state":7,"url":"http://localhost:2370/mi-nuevo-post/"},{"state":8,"url":"http://localhost:2370/welcome/"},{"state":9,"url":"http://localhost:2370/the-editor/"},{"state":10,"url":"http://localhost:2370/publishing-options/"},{"state":11,"url":"http://localhost:2370/admin-settings/"},{"state":12,"url":"http://localhost:2370/organising-content/"},{"state":13,"url":"http://localhost:2370/apps-integrations/"},{"state":14,"url":"http://localhost:2370/themes/"},{"state":15,"url":"https://www.facebook.com/ghost"},{"state":16,"url":"https://twitter.com/tryghost"},{"state":17,"url":"https://ghost.org/"}],"links":[{"source":0,"target":0,"interaction":"link-click"},{"source":0,"target":1,"interaction":"link-click"},{"source":0,"target":2,"interaction":"link-click"},{"source":0,"target":3,"interaction":"link-click"},{"source":0,"target":4,"interaction":"link-click"},{"source":0,"target":0,"interaction":"link-click"},{"source":0,"target":5,"interaction":"link-click"},{"source":0,"target":6,"interaction":"link-click"},{"source":0,"target":7,"interaction":"link-click"},{"source":0,"target":8,"interaction":"link-click"},{"source":0,"target":9,"interaction":"link-click"},{"source":0,"target":10,"interaction":"link-click"},{"source":0,"target":11,"interaction":"link-click"},{"source":0,"target":12,"interaction":"link-click"},{"source":0,"target":13,"interaction":"link-click"},{"source":0,"target":14,"interaction":"link-click"},{"source":0,"target":15,"interaction":"link-click"},{"source":0,"target":16,"interaction":"link-click"},{"source":0,"target":17,"interaction":"link-click"},{"source":0,"target":0,"interaction":"link-click"}]}