{"nodes":[{"url":"https://thesoftwaredesignlab.github.io/"},{"url":"https://thesoftwaredesignlab.github.io/people.html"}],"links":[{"source":"https://thesoftwaredesignlab.github.io/","target":"https://thesoftwaredesignlab.github.io/"},{"source":"https://thesoftwaredesignlab.github.io/","target":"https://thesoftwaredesignlab.github.io/people.html"},{"source":"https://thesoftwaredesignlab.github.io/people.html","target":"https://thesoftwaredesignlab.github.io/"},{"source":"https://thesoftwaredesignlab.github.io/people.html","target":"https://thesoftwaredesignlab.github.io/people.html"}]}