{"nodes":[{"state":0,"url":"https://thesoftwaredesignlab.github.io/","errors":["{\n  \"_type\": \"warning\",\n  \"_text\": \"A cookie associated with a cross-site resource at http://cdn.syndication.twimg.com/ was set without the `SameSite` attribute. A future release of Chrome will only deliver cookies with cross-site requests if they are set with `SameSite=None` and `Secure`. You can review cookies in developer tools under Application>Storage>Cookies and see more details at https://www.chromestatus.com/feature/5088147346030592 and https://www.chromestatus.com/feature/5633521622188032.\",\n  \"_args\": [],\n  \"_location\": {\n    \"url\": \"https://thesoftwaredesignlab.github.io/\"\n  }\n}"]},{"state":1,"url":"https://thesoftwaredesignlab.github.io/","errors":["{\n  \"_type\": \"warning\",\n  \"_text\": \"A cookie associated with a cross-site resource at http://cdn.syndication.twimg.com/ was set without the `SameSite` attribute. A future release of Chrome will only deliver cookies with cross-site requests if they are set with `SameSite=None` and `Secure`. You can review cookies in developer tools under Application>Storage>Cookies and see more details at https://www.chromestatus.com/feature/5088147346030592 and https://www.chromestatus.com/feature/5633521622188032.\",\n  \"_args\": [],\n  \"_location\": {\n    \"url\": \"https://thesoftwaredesignlab.github.io/\"\n  }\n}"]},{"state":2,"url":"https://thesoftwaredesignlab.github.io/people.html","errors":[]}],"links":[{"source":0,"target":1,"interaction":"link-click"},{"source":0,"target":2,"interaction":"link-click"}]}